{
    "version": "0.2.0",
    "configurations": [
        {
            "name": "20250621_i2ctmp",
            "type": "ccs-debug",
            "request": "launch",
            "projectInfo": {
                "name": "20250621_i2ctmp",
                "resourceId": "/20250621_i2ctmp"
            },
            "connections": [
                {
                    "name": "Texas Instruments XDS110 USB Debug Probe",
                    "cores": [
                        {
                            "name": "Cortex_M4_0",
                            "debuggerSettings": {
                                "data": "<?xml version=\"1.0\" encoding=\"UTF-8\" standalone=\"no\" ?>\n<PropertyValues/>\n"
                            }
                        }
                    ]
                }
            ]
        }
    ]
}